{"before": {"id": "1771101031.667084-2w3qv5", "camera": "backyard_cam", "frame_time": 1771101045.111129, "snapshot": {"frame_time": 1771101033.074981, "box": [324, 110, 587, 358], "area": 65224, "region": [296, 16, 640, 360], "score": 0.78125, "attributes": [], "current_estimated_speed": 0, "velocity_angle": 0, "path_data": [[[0.7828, 0.9972], 1771101031.866599], [[0.7984, 0.9944], 1771101032.062631], [[0.7297, 0.9917], 1771101032.717654]], "recognized_license_plate": null, "recognized_license_plate_score": null}, "label": "person", "sub_label": null, "top_score": 0.80859375, "false_positive": false, "start_time": 1771101031.667084, "end_time": null, "score": 0.8046875, "box": [395, 170, 618, 357], "area": 41701, "ratio": 1.1925133689839573, "region": [320, 40, 640, 360], "active": true, "stationary": false, "motionless_count": 0, "position_changes": 1, "current_zones": [], "entered_zones": [], "has_clip": true, "has_snapshot": true, "attributes": {}, "current_attributes": [], "pending_loitering": false, "max_severity": "alert", "current_estimated_speed": 0, "average_estimated_speed": 0, "velocity_angle": 0, "path_data": [[[0.7828, 0.9972], 1771101031.866599], [[0.7984, 0.9944], 1771101032.062631], [[0.7297, 0.9917], 1771101032.717654], [[0.6687, 0.9972], 1771101033.724617], [[0.5938, 0.9861], 1771101034.125656], [[0.5109, 0.9556], 1771101034.799983], [[0.4875, 0.8889], 1771101034.803162], [[0.4391, 0.7611], 1771101035.320379], [[0.4422, 0.6861], 1771101035.469985], [[0.4344, 0.6028], 1771101036.469441], [[0.4297, 0.6861], 1771101042.316638], [[0.4422, 0.7528], 1771101042.458995], [[0.4922, 0.8528], 1771101043.63316], [[0.5703, 0.8528], 1771101043.656836], [[0.6344, 0.9833], 1771101044.115642], [[0.7203, 0.9972], 1771101044.501808], [[0.7906, 0.9917], 1771101045.111129]], "recognized_license_plate": null}, "after": {"id": "1771101031.667084-2w3qv5", "camera": "backyard_cam", "frame_time": 1771101045.70829, "snapshot": {"frame_time": 1771101033.074981, "box": [324, 110, 587, 358], "area": 65224, "region": [296, 16, 640, 360], "score": 0.78125, "attributes": [], "current_estimated_speed": 0, "velocity_angle": 0, "path_data": [[[0.7828, 0.9972], 1771101031.866599], [[0.7984, 0.9944], 1771101032.062631], [[0.7297, 0.9917], 1771101032.717654]], "recognized_license_plate": null, "recognized_license_plate_score": null}, "label": "person", "sub_label": null, "top_score": 0.80859375, "false_positive": false, "start_time": 1771101031.667084, "end_time": 1771101050.913845, "score": 0.67578125, "box": [388, 201, 618, 356], "area": 35650, "ratio": 1.4838709677419355, "region": [320, 40, 640, 360], "active": true, "stationary": false, "motionless_count": 1, "position_changes": 1, "current_zones": [], "entered_zones": [], "has_clip": true, "has_snapshot": true, "attributes": {}, "current_attributes": [], "pending_loitering": false, "max_severity": "alert", "current_estimated_speed": 0, "average_estimated_speed": 0, "velocity_angle": 0, "path_data": [[[0.7828, 0.9972], 1771101031.866599], [[0.7984, 0.9944], 1771101032.062631], [[0.7297, 0.9917], 1771101032.717654], [[0.6687, 0.9972], 1771101033.724617], [[0.5938, 0.9861], 1771101034.125656], [[0.5109, 0.9556], 1771101034.799983], [[0.4875, 0.8889], 1771101034.803162], [[0.4391, 0.7611], 1771101035.320379], [[0.4422, 0.6861], 1771101035.469985], [[0.4344, 0.6028], 1771101036.469441], [[0.4297, 0.6861], 1771101042.316638], [[0.4422, 0.7528], 1771101042.458995], [[0.4922, 0.8528], 1771101043.63316], [[0.5703, 0.8528], 1771101043.656836], [[0.6344, 0.9833], 1771101044.115642], [[0.7203, 0.9972], 1771101044.501808], [[0.7906, 0.9917], 1771101045.111129]], "recognized_license_plate": null}, "type": "end"}